{
  "basic": {
    "exact_match": 45.333333333333336,
    "f1": 52.00203958010016
  },
  "cot": {
    "exact_match": 36.666666666666664,
    "f1": 42.39696099663209
  },
  "persona": {
    "exact_match": 29.0,
    "f1": 35.347910268551495
  },
  "instruction": {
    "exact_match": 45.333333333333336,
    "f1": 51.60794568116755
  }
}